Method,Exact Match Accuracy,No EC number found,No Prediction,Position 1 Accuracy,Position 1 Precision,Position 1 Recall,Position 1 F1-Score,Position 2 Accuracy,Position 2 Precision,Position 2 Recall,Position 2 F1-Score,Position 3 Accuracy,Position 3 Precision,Position 3 Recall,Position 3 F1-Score,Position 4 Accuracy,Position 4 Precision,Position 4 Recall,Position 4 F1-Score
all + all_cascade_models_KNN,0.1827404962718494,0.0,0.0,0.42928737318176263,0.462466989284216,0.5306951114184492,0.43973676296788655,0.37159271482703826,0.18631859440959855,0.5128770179794702,0.23132562458533565,0.31634274538564966,0.19208541454789566,0.35500221202947724,0.18369535609518822,0.20828749541620828,0.13164316494014153,0.24123226921420693,0.13988105721406288
