Method,Exact Match Accuracy,No EC number found,No Prediction,Position 1 Accuracy,Position 1 Precision,Position 1 Recall,Position 1 F1-Score,Position 2 Accuracy,Position 2 Precision,Position 2 Recall,Position 2 F1-Score,Position 3 Accuracy,Position 3 Precision,Position 3 Recall,Position 3 F1-Score,Position 4 Accuracy,Position 4 Precision,Position 4 Recall,Position 4 F1-Score
all + all_cascade_models_CatBoost,0.06368414619239701,0.0,0.0,0.7183718371837183,0.7053192543563522,0.7036176178366419,0.702281514981136,0.6125168072362792,0.38059893040907694,0.5106815344580007,0.4236541941446739,0.5685124067962352,0.31243967318351185,0.4572542147886869,0.3342334626966039,0.08336389194475002,0.013055947320782402,0.011536541975555056,0.010554529504181532
