Method,Exact Match Accuracy,No EC number found,No Prediction,Position 1 Accuracy,Position 1 Precision,Position 1 Recall,Position 1 F1-Score,Position 2 Accuracy,Position 2 Precision,Position 2 Recall,Position 2 F1-Score,Position 3 Accuracy,Position 3 Precision,Position 3 Recall,Position 3 F1-Score,Position 4 Accuracy,Position 4 Precision,Position 4 Recall,Position 4 F1-Score
all + all_cascade_models_RandomForest,0.1728395061728395,0.0,0.0,0.656032269893656,0.5689641933892023,0.766725555888231,0.5988622135865124,0.5495660677178829,0.23036684825695233,0.5841933071932452,0.2838175372658343,0.572668377948906,0.15828041526934064,0.5241290733670533,0.2063606737913014,0.334677912235668,0.15499930618548433,0.27296342175161037,0.1742279509065001
