Method,Exact Match Accuracy,No EC number found,No Prediction,Position 1 Accuracy,Position 1 Precision,Position 1 Recall,Position 1 F1-Score,Position 2 Accuracy,Position 2 Precision,Position 2 Recall,Position 2 F1-Score,Position 3 Accuracy,Position 3 Precision,Position 3 Recall,Position 3 F1-Score,Position 4 Accuracy,Position 4 Precision,Position 4 Recall,Position 4 F1-Score
all + all_cascade_models_LogisticRegression,0.06588436621439922,0.0,0.0,0.5972375015279305,0.6034665050735084,0.5784377060332531,0.5842215912597934,0.4019068573524019,0.13393277254884575,0.13174279253675766,0.1265490687695833,0.5103288106588436,0.08711578697588007,0.1496810988446827,0.09001620042469582,0.14399217699547734,0.021454455507762003,0.0365065068857067,0.017865513592034133
