Method,Exact Match Accuracy,No EC number found,No Prediction,Position 1 Accuracy,Position 1 Precision,Position 1 Recall,Position 1 F1-Score,Position 2 Accuracy,Position 2 Precision,Position 2 Recall,Position 2 F1-Score,Position 3 Accuracy,Position 3 Precision,Position 3 Recall,Position 3 F1-Score,Position 4 Accuracy,Position 4 Precision,Position 4 Recall,Position 4 F1-Score
Physiochemical + HMM + Peptides + PSSM + cascade_models_CatBoost,0.07761887299841096,0.0,0.0,0.51008434176751,0.4463965672574092,0.5467209709848927,0.4691723239363394,0.42207554088742205,0.2076114155757359,0.4140952823966002,0.24154816676126267,0.5059283706148393,0.1681178270727677,0.2723379225477578,0.1910707181684182,0.13140202909179807,0.06102201013639131,0.07065397151912901,0.05776344280063013
