Method,Exact Match Accuracy,No EC number found,No Prediction,Position 1 Accuracy,Position 1 Precision,Position 1 Recall,Position 1 F1-Score,Position 2 Accuracy,Position 2 Precision,Position 2 Recall,Position 2 F1-Score,Position 3 Accuracy,Position 3 Precision,Position 3 Recall,Position 3 F1-Score,Position 4 Accuracy,Position 4 Precision,Position 4 Recall,Position 4 F1-Score
Physiochemical + HMM + Peptides + PSSM + cascade_models_RandomForest,0.07920792079207921,0.0,0.0,0.4511673389561178,0.32885945104050524,0.7564109965765903,0.32241404260162865,0.4109522063317443,0.12256130920616441,0.2816082885767223,0.13553098056147553,0.5067840117345068,0.07840679719130798,0.36644632061733273,0.09410864809258056,0.25045837917125047,0.08905630630669945,0.23127238242321857,0.11361714387937293
