Method,Exact Match Accuracy,No EC number found,No Prediction,Position 1 Accuracy,Position 1 Precision,Position 1 Recall,Position 1 F1-Score,Position 2 Accuracy,Position 2 Precision,Position 2 Recall,Position 2 F1-Score,Position 3 Accuracy,Position 3 Precision,Position 3 Recall,Position 3 F1-Score,Position 4 Accuracy,Position 4 Precision,Position 4 Recall,Position 4 F1-Score
Physiochemical + HMM + Peptides + PSSM + cascade_models_SVM,0.09729861875076397,0.0,0.0,0.5012834616795013,0.426203233440561,0.6709766023094393,0.46223824877996034,0.41254125412541254,0.1352180642255024,0.377916323932574,0.15876971809023294,0.5208409729861875,0.09495179955967331,0.3653399156800305,0.11905625516603854,0.1904412663488571,0.05227564576820463,0.16426354437818078,0.06826189393181253
