Method,Exact Match Accuracy,No EC number found,No Prediction,Position 1 Accuracy,Position 1 Precision,Position 1 Recall,Position 1 F1-Score,Position 2 Accuracy,Position 2 Precision,Position 2 Recall,Position 2 F1-Score,Position 3 Accuracy,Position 3 Precision,Position 3 Recall,Position 3 F1-Score,Position 4 Accuracy,Position 4 Precision,Position 4 Recall,Position 4 F1-Score
Physiochemical + HMM + Peptides + PSSM + cascade_models_LogisticRegression,0.06674000733406674,0.0,0.0,0.42672044982276003,0.38800039949930204,0.46133892729106,0.40660331527211163,0.3535020168683535,0.11684665903146532,0.2531734268164534,0.1243350728240142,0.49052683046082385,0.0995669820970921,0.20439112665726147,0.11889076037627272,0.20339811758953674,0.06870014700155933,0.14190430628037307,0.07993444353721883
