Method,Exact Match Accuracy,No EC number found,No Prediction,Position 1 Accuracy,Position 1 Precision,Position 1 Recall,Position 1 F1-Score,Position 2 Accuracy,Position 2 Precision,Position 2 Recall,Position 2 F1-Score,Position 3 Accuracy,Position 3 Precision,Position 3 Recall,Position 3 F1-Score,Position 4 Accuracy,Position 4 Precision,Position 4 Recall,Position 4 F1-Score
Physiochemical + HMM + Peptides + PSSM + cascade_models_KNN,0.259381493704926,0.0,0.0,0.5451656276738786,0.5271391717181593,0.5697175557676376,0.5400617909124267,0.4820926537098154,0.2756328648347293,0.4444294395316603,0.30614236887596985,0.5097176384305098,0.204441006077996,0.31968624195588163,0.22770207003037127,0.28725094731695394,0.1476395691957024,0.20691640559840663,0.1538254863930391
