Method,Exact Match Accuracy,No EC number found,No Prediction,Position 1 Accuracy,Position 1 Precision,Position 1 Recall,Position 1 F1-Score,Position 2 Accuracy,Position 2 Precision,Position 2 Recall,Position 2 F1-Score,Position 3 Accuracy,Position 3 Precision,Position 3 Recall,Position 3 F1-Score,Position 4 Accuracy,Position 4 Precision,Position 4 Recall,Position 4 F1-Score
Physiochemical + HMM + Peptides + PSSM + cascade_models_CatBoost,0.07761887299841096,0.0,0.0,0.51008434176751,0.4463965672574092,0.5467209709848927,0.4691723239363394,0.42207554088742205,0.2076114155757359,0.4140952823966002,0.24154816676126267,0.5059283706148393,0.1681178270727677,0.2723379225477578,0.1910707181684182,0.13140202909179807,0.06102201013639131,0.07065397151912901,0.05776344280063013
Physiochemical + HMM + Peptides + PSSM + cascade_models_KNN,0.259381493704926,0.0,0.0,0.5451656276738786,0.5271391717181593,0.5697175557676376,0.5400617909124267,0.4820926537098154,0.2756328648347293,0.4444294395316603,0.30614236887596985,0.5097176384305098,0.204441006077996,0.31968624195588163,0.22770207003037127,0.28725094731695394,0.1476395691957024,0.20691640559840663,0.1538254863930391
Physiochemical + HMM + Peptides + PSSM + cascade_models_LogisticRegression,0.06674000733406674,0.0,0.0,0.42672044982276003,0.38800039949930204,0.46133892729106,0.40660331527211163,0.3535020168683535,0.11684665903146532,0.2531734268164534,0.1243350728240142,0.49052683046082385,0.0995669820970921,0.20439112665726147,0.11889076037627272,0.20339811758953674,0.06870014700155933,0.14190430628037307,0.07993444353721883
Physiochemical + HMM + Peptides + PSSM + cascade_models_RandomForest,0.07920792079207921,0.0,0.0,0.4511673389561178,0.32885945104050524,0.7564109965765903,0.32241404260162865,0.4109522063317443,0.12256130920616441,0.2816082885767223,0.13553098056147553,0.5067840117345068,0.07840679719130798,0.36644632061733273,0.09410864809258056,0.25045837917125047,0.08905630630669945,0.23127238242321857,0.11361714387937293
