Method,Exact Match Accuracy,No EC number found,No Prediction,Position 1 Accuracy,Position 1 Precision,Position 1 Recall,Position 1 F1-Score,Position 2 Accuracy,Position 2 Precision,Position 2 Recall,Position 2 F1-Score,Position 3 Accuracy,Position 3 Precision,Position 3 Recall,Position 3 F1-Score,Position 4 Accuracy,Position 4 Precision,Position 4 Recall,Position 4 F1-Score
Final Selected Features + selected_selected_cascade_models_RandomForest,0.37978242268671314,0.0,0.0,0.7741107444077742,0.7280820015720173,0.8058286107348858,0.7529045654588299,0.7027258281383694,0.46370933066290293,0.684820864896325,0.5323594675278334,0.6995477325510329,0.38202624555282644,0.5994639594194197,0.4387782423663858,0.440655176628774,0.3013830087200552,0.27553015504241624,0.26975084129110205
Final Selected Features + selected_selected_cascade_models_KNN,0.45324532453245325,0.0,0.0,0.8007578535631341,0.8008295297661175,0.7759165557066144,0.7858994129766149,0.7403740374037404,0.6245810183778089,0.6320198843919982,0.615527521222491,0.7297396406307297,0.5661079175184551,0.5716062473440435,0.5528853031714115,0.462657376848796,0.30139742611713466,0.232462539982866,0.24851243835212966
Final Selected Features + selected_selected_cascade_models_LogisticRegression,0.05757242390905757,0.0,0.0,0.5918591859185919,0.6125735188372895,0.5872601036393317,0.5826905540882112,0.4856374526341523,0.16906650950034893,0.22033615060775308,0.17203573596543362,0.5348979342378682,0.10627752410928655,0.16792491272658677,0.11780600057540982,0.1310353257547977,0.020232853191169995,0.018716529349598936,0.012212722781859179
Final Selected Features + selected_selected_cascade_models_SVM,0.10096565212076763,0.0,0.0,0.7808336389194475,0.7895818850181496,0.7695940224326406,0.7730016817702995,0.6617772888399951,0.41899338301440164,0.5704673927602568,0.4577193614277974,0.5517662877398851,0.13509283017388432,0.35754755087942747,0.15905402168211377,0.16599437721549934,0.02266859271962613,0.04818065759848738,0.02215031652418289
Final Selected Features + selected_selected_cascade_models_CatBoost,0.06576213176873243,0.0,0.0,0.7415963818604082,0.730728429873647,0.7240426416024371,0.72578698454849,0.6632441021879966,0.49060217566080927,0.6144052597292226,0.5363246654595384,0.6255958929226256,0.3995828119611097,0.4662896180011169,0.4080514512222794,0.09412052316342745,0.024644214073674196,0.018719828881270464,0.016487968311011996
