Method,Exact Match Accuracy,No EC number found,No Prediction,Position 1 Accuracy,Position 1 Precision,Position 1 Recall,Position 1 F1-Score,Position 2 Accuracy,Position 2 Precision,Position 2 Recall,Position 2 F1-Score,Position 3 Accuracy,Position 3 Precision,Position 3 Recall,Position 3 F1-Score,Position 4 Accuracy,Position 4 Precision,Position 4 Recall,Position 4 F1-Score
Final Selected Features + selected_selected_cascade_models_LogisticRegression,0.05757242390905757,0.0,0.0,0.5918591859185919,0.6125735188372895,0.5872601036393317,0.5826905540882112,0.4856374526341523,0.16906650950034893,0.22033615060775308,0.17203573596543362,0.5348979342378682,0.10627752410928655,0.16792491272658677,0.11780600057540982,0.1310353257547977,0.020232853191169995,0.018716529349598936,0.012212722781859179
