Method,Exact Match Accuracy,No EC number found,No Prediction,Position 1 Accuracy,Position 1 Precision,Position 1 Recall,Position 1 F1-Score,Position 2 Accuracy,Position 2 Precision,Position 2 Recall,Position 2 F1-Score,Position 3 Accuracy,Position 3 Precision,Position 3 Recall,Position 3 F1-Score,Position 4 Accuracy,Position 4 Precision,Position 4 Recall,Position 4 F1-Score
Final Selected Features + selected_selected_cascade_models_KNN,0.45324532453245325,0.0,0.0,0.8007578535631341,0.8008295297661175,0.7759165557066144,0.7858994129766149,0.7403740374037404,0.6245810183778089,0.6320198843919982,0.615527521222491,0.7297396406307297,0.5661079175184551,0.5716062473440435,0.5528853031714115,0.462657376848796,0.30139742611713466,0.232462539982866,0.24851243835212966
