Method,Exact Match Accuracy,No EC number found,No Prediction,Position 1 Accuracy,Position 1 Precision,Position 1 Recall,Position 1 F1-Score,Position 2 Accuracy,Position 2 Precision,Position 2 Recall,Position 2 F1-Score,Position 3 Accuracy,Position 3 Precision,Position 3 Recall,Position 3 F1-Score,Position 4 Accuracy,Position 4 Precision,Position 4 Recall,Position 4 F1-Score
Selected Features + selected_cascade_models_SVM,0.0638063806380638,0.0,0.0,0.4861263904168195,0.3947361329818544,0.7082043457335975,0.4220727975872056,0.3830827527197164,0.12068132252043985,0.40196155355454083,0.14192225695467875,0.5058061361691725,0.0802640605222018,0.32946271771517405,0.0996344181544337,0.14069184696247403,0.025986548798376034,0.09478866239945742,0.03278846808936291
