Method,Exact Match Accuracy,No EC number found,No Prediction,Position 1 Accuracy,Position 1 Precision,Position 1 Recall,Position 1 F1-Score,Position 2 Accuracy,Position 2 Precision,Position 2 Recall,Position 2 F1-Score,Position 3 Accuracy,Position 3 Precision,Position 3 Recall,Position 3 F1-Score,Position 4 Accuracy,Position 4 Precision,Position 4 Recall,Position 4 F1-Score
Final Selected Features + selected_selected_cascade_models_RandomForest,0.37978242268671314,0.0,0.0,0.7741107444077742,0.7280820015720173,0.8058286107348858,0.7529045654588299,0.7027258281383694,0.46370933066290293,0.684820864896325,0.5323594675278334,0.6995477325510329,0.38202624555282644,0.5994639594194197,0.4387782423663858,0.440655176628774,0.3013830087200552,0.27553015504241624,0.26975084129110205
