Method,Exact Match Accuracy,No EC number found,No Prediction,Position 1 Accuracy,Position 1 Precision,Position 1 Recall,Position 1 F1-Score,Position 2 Accuracy,Position 2 Precision,Position 2 Recall,Position 2 F1-Score,Position 3 Accuracy,Position 3 Precision,Position 3 Recall,Position 3 F1-Score,Position 4 Accuracy,Position 4 Precision,Position 4 Recall,Position 4 F1-Score
Selected Features + selected_cascade_models_RandomForest,0.07456301185674123,0.0,0.0,0.41351912969074683,0.2943748230127636,0.7403922449865054,0.2828331833400511,0.35985820804302654,0.1041391684929575,0.20443959768451067,0.10339849519541089,0.5009167583425009,0.08082796136774253,0.28106522953759416,0.09282885973468576,0.19765309864319766,0.06847610523204004,0.14522606624694748,0.0801958959622444
