Method,Exact Match Accuracy,No EC number found,No Prediction,Position 1 Accuracy,Position 1 Precision,Position 1 Recall,Position 1 F1-Score,Position 2 Accuracy,Position 2 Precision,Position 2 Recall,Position 2 F1-Score,Position 3 Accuracy,Position 3 Precision,Position 3 Recall,Position 3 F1-Score,Position 4 Accuracy,Position 4 Precision,Position 4 Recall,Position 4 F1-Score
Final Selected Features + selected_selected_cascade_models_CatBoost,0.06576213176873243,0.0,0.0,0.7415963818604082,0.730728429873647,0.7240426416024371,0.72578698454849,0.6632441021879966,0.49060217566080927,0.6144052597292226,0.5363246654595384,0.6255958929226256,0.3995828119611097,0.4662896180011169,0.4080514512222794,0.09412052316342745,0.024644214073674196,0.018719828881270464,0.016487968311011996
