Method,Exact Match Accuracy,No EC number found,No Prediction,Position 1 Accuracy,Position 1 Precision,Position 1 Recall,Position 1 F1-Score,Position 2 Accuracy,Position 2 Precision,Position 2 Recall,Position 2 F1-Score,Position 3 Accuracy,Position 3 Precision,Position 3 Recall,Position 3 F1-Score,Position 4 Accuracy,Position 4 Precision,Position 4 Recall,Position 4 F1-Score
Selected Features + selected_cascade_models_CatBoost,0.05989487837672656,0.0,0.0,0.44737807114044736,0.38384553538498173,0.4990606248786554,0.4047622766539864,0.3664588681090331,0.13935208758109743,0.27196701546290314,0.15405795880925305,0.4715804913824716,0.1235075686062297,0.20048422005087158,0.14320035211840365,0.12015646009045348,0.05100231725865597,0.06885399037778446,0.052824385013749225
