Method,Exact Match Accuracy,No EC number found,No Prediction,Position 1 Accuracy,Position 1 Precision,Position 1 Recall,Position 1 F1-Score,Position 2 Accuracy,Position 2 Precision,Position 2 Recall,Position 2 F1-Score,Position 3 Accuracy,Position 3 Precision,Position 3 Recall,Position 3 F1-Score,Position 4 Accuracy,Position 4 Precision,Position 4 Recall,Position 4 F1-Score
Selected Features + selected_cascade_models_KNN,0.21953306441755285,0.0,0.0,0.4988387727661655,0.482481987974195,0.5153672329977246,0.49362513585054923,0.4236645886810903,0.22313539299600652,0.28355262315501384,0.22982071932970757,0.47329177362180663,0.17443781253386287,0.22128557364069507,0.18647302201170668,0.2422686713115756,0.11597137092204499,0.1466339562133584,0.1192256736187786
