Method,Exact Match Accuracy,No EC number found,No Prediction,Position 1 Accuracy,Position 1 Precision,Position 1 Recall,Position 1 F1-Score,Position 2 Accuracy,Position 2 Precision,Position 2 Recall,Position 2 F1-Score,Position 3 Accuracy,Position 3 Precision,Position 3 Recall,Position 3 F1-Score,Position 4 Accuracy,Position 4 Precision,Position 4 Recall,Position 4 F1-Score
Final Selected Features + selected_selected_cascade_models_SVM,0.10096565212076763,0.0,0.0,0.7808336389194475,0.7895818850181496,0.7695940224326406,0.7730016817702995,0.6617772888399951,0.41899338301440164,0.5704673927602568,0.4577193614277974,0.5517662877398851,0.13509283017388432,0.35754755087942747,0.15905402168211377,0.16599437721549934,0.02266859271962613,0.04818065759848738,0.02215031652418289
