Method,Exact Match Accuracy,No EC number found,No Prediction,Position 1 Accuracy,Position 1 Precision,Position 1 Recall,Position 1 F1-Score,Position 2 Accuracy,Position 2 Precision,Position 2 Recall,Position 2 F1-Score,Position 3 Accuracy,Position 3 Precision,Position 3 Recall,Position 3 F1-Score,Position 4 Accuracy,Position 4 Precision,Position 4 Recall,Position 4 F1-Score
Selected Features + selected_cascade_models_LogisticRegression,0.033003300330033,0.0,0.0,0.38381615939371716,0.3182131352590097,0.40573664235900475,0.33212730595364,0.31438699425498107,0.09171254562507265,0.14891809392077923,0.09415205307882715,0.47854785478547857,0.07044654405753667,0.239356273829826,0.0845058986916631,0.14619239701747952,0.029262554384726358,0.06223534246841203,0.032778368087362626
