Method,Exact Match Accuracy,No EC number found,No Prediction,Position 1 Accuracy,Position 1 Precision,Position 1 Recall,Position 1 F1-Score,Position 2 Accuracy,Position 2 Precision,Position 2 Recall,Position 2 F1-Score,Position 3 Accuracy,Position 3 Precision,Position 3 Recall,Position 3 F1-Score,Position 4 Accuracy,Position 4 Precision,Position 4 Recall,Position 4 F1-Score
Selected Features + Selected_cascade_models_CatBoost,0.05989487837672656,0.0,0.0,0.44737807114044736,0.38384553538498173,0.4990606248786554,0.4047622766539864,0.3664588681090331,0.13935208758109743,0.27196701546290314,0.15405795880925305,0.4715804913824716,0.1235075686062297,0.20048422005087158,0.14320035211840365,0.12015646009045348,0.05100231725865597,0.06885399037778446,0.052824385013749225
Selected Features + Selected_cascade_models_RandomForest,0.07456301185674123,0.0,0.0,0.41351912969074683,0.2943748230127636,0.7403922449865054,0.2828331833400511,0.35985820804302654,0.1041391684929575,0.20443959768451067,0.10339849519541089,0.5009167583425009,0.08082796136774253,0.28106522953759416,0.09282885973468576,0.19765309864319766,0.06847610523204004,0.14522606624694748,0.0801958959622444
Selected Features + Selected_cascade_models_SVM,0.0638063806380638,0.0,0.0,0.4861263904168195,0.3947361329818544,0.7082043457335975,0.4220727975872056,0.3830827527197164,0.12068132252043985,0.40196155355454083,0.14192225695467875,0.5058061361691725,0.0802640605222018,0.32946271771517405,0.0996344181544337,0.14069184696247403,0.025986548798376034,0.09478866239945742,0.03278846808936291
Selected Features + Selected_cascade_models_KNN,0.21953306441755285,0.0,0.0,0.4988387727661655,0.482481987974195,0.5153672329977246,0.49362513585054923,0.4236645886810903,0.22313539299600652,0.28355262315501384,0.22982071932970757,0.47329177362180663,0.17443781253386287,0.22128557364069507,0.18647302201170668,0.2422686713115756,0.11597137092204499,0.1466339562133584,0.1192256736187786
Selected Features + Selected_cascade_models_LogisticRegression,0.033003300330033,0.0,0.0,0.38381615939371716,0.3182131352590097,0.40573664235900475,0.33212730595364,0.31438699425498107,0.09171254562507265,0.14891809392077923,0.09415205307882715,0.47854785478547857,0.07044654405753667,0.239356273829826,0.0845058986916631,0.14619239701747952,0.029262554384726358,0.06223534246841203,0.032778368087362626
