Method,Exact Match Accuracy,No EC number found,No Prediction,Position 1 Accuracy,Position 1 Precision,Position 1 Recall,Position 1 F1-Score,Position 2 Accuracy,Position 2 Precision,Position 2 Recall,Position 2 F1-Score,Position 3 Accuracy,Position 3 Precision,Position 3 Recall,Position 3 F1-Score,Position 4 Accuracy,Position 4 Precision,Position 4 Recall,Position 4 F1-Score
all + SVM_Cascade,0.0007334066740007334,0.0,0.0,0.2918958562522919,0.19128636775934602,0.1264919630012032,0.14733667670744552,0.2708715315976042,0.0870427583918454,0.17614202482314922,0.0866462343613585,0.4803813714704804,0.06789958420252826,0.11454849976414662,0.06738843591752998,0.08886444199975553,0.005236026640281499,0.007778433075290589,0.0023934923769508938
