Method,Exact Match Accuracy,No EC number found,No Prediction,Position 1 Accuracy,Position 1 Precision,Position 1 Recall,Position 1 F1-Score,Position 2 Accuracy,Position 2 Precision,Position 2 Recall,Position 2 F1-Score,Position 3 Accuracy,Position 3 Precision,Position 3 Recall,Position 3 F1-Score,Position 4 Accuracy,Position 4 Precision,Position 4 Recall,Position 4 F1-Score
Diamond Benchmark,3.920131892287965,94.1014837882396,94.1014837882396,5.568785491848324,72.1168353799237,3.745772225213749,7.088970136298153,5.330646638578494,48.62378758451296,3.18485260798406,5.853805477621889,4.945960798681077,58.634361009361015,3.920220016131839,7.205686227402483,3.920131892287965,27.51943799199897,4.400287823465061,6.852922663161104
Physiochemical + HMM + RF,4.534897934237868,0.0,0.0,42.87984353990954,0.3082755409586656,0.7281302176364197,0.3015565779760743,37.41596381860408,0.1060042240908732,0.3132035388445656,0.1190875936125651,48.45373426231512,0.0560808523052102,0.3168741362623448,0.060274290511487,4.4615572668377945,0.4586138949980758,0.5237138105559159,0.4748988675075444
Physiochemical + HMM + MultiRF,3.52035203520352,0.0,0.0,42.060872753942064,0.2977146005484847,0.7201974912553029,0.285135236782172,36.49920547610317,0.0984824334037034,0.3566739070766773,0.1085547002366017,48.90600171128224,0.0644748188393422,0.3132421876139303,0.0740113915242898,20.180906979586847,0.0551581427660564,0.2038668957416694,0.0726067572663043
Physiochemical + HMM + Peptides + RF,7.077374404107077,0.0,0.0,46.13127979464613,0.3471380341154278,0.6947211319522748,0.3515222336765313,41.254125412541256,0.1340551104154742,0.4114737355611071,0.1591417587217096,49.81053660921648,0.0731538143210483,0.3996105769660769,0.0890621579871929,6.295073951839629,0.6067687697351545,0.6518244638889263,0.6207996011942506
Physiochemical + HMM + Peptides + CascadeRF,9.595403984842928,0.0,0.0,45.8623640141792,0.3435945558629305,0.714645256645261,0.34625992514037107,39.83620584280651,0.13214215008229777,0.39633889624438323,0.15009056532859194,51.42403129201809,0.09525211258677085,0.4121177313964292,0.12035446448496868,26.34152304119301,0.11857121579173052,0.2468552153531625,0.135756645263703
