Method,Exact Match Accuracy,First Number Match Accuracy,Exact Precision,Exact Recall,Exact F1-Score,First Number Precision,First Number Recall,First Number F1-Score,No EC number found,No Prediction,EC 1,EC 2,EC 3,EC 4,EC 5,EC 6,EC 7
DIMOND Benchmark,4.357298474945534,4.962478818687969,1.0,0.04357298474945534,0.08350730688935282,1.0,0.04962478818687969,0.09455719557195572,0.026870007262164125,0.9193899782135077,90.9090909090909,96.05263157894737,92.85714285714286,100.0,96.66666666666667,100.0,0.0
