Method,Exact Match Accuracy,First Number Match Accuracy,Exact Precision,Exact Recall,Exact F1-Score,First Number Precision,First Number Recall,First Number F1-Score,EC 1,EC 2,EC 3,EC 4,EC 5,EC 6,EC 7,No EC number found,No Prediction
DIMOND Benchmark,58.87481627987153,63.177949955544264,1.0,0.7850592789741108,0.8795890290268581,1.0,0.8424389063634165,0.9144823238955718,98.5151397515528,95.10175763182238,96.35269334938309,96.76226896112173,96.3658470683599,99.1526449582375,0.0,0.0,0.0
