,Method,Exact Match Accuracy,First Number Match Accuracy,Exact Precision,Exact Recall,Exact F1-Score,First Number Precision,First Number Recall,First Number F1-Score,No EC number found,No Prediction,EC 1,EC 2,EC 3,EC 4,EC 5,EC 6,EC 7
0,DIMOND Benchmark,4.79941381205349,5.568785491848324,1.0,0.0479941381205348,0.0915923789547281,1.0,0.0556878549184832,0.105500607322575,0.0282102949258105,0.9128045429565854,94.73684210526316,97.33333333333334,96.62921348314607,100.0,88.23529411764706,100.0,0.0
1,Physiochemical Features,4.400440044004401,40.5329421831072,1.0,0.04400440044004401,0.08429926238145416,1.0,0.405329421831072,0.576846133774028,0.0,0.0,13.195548489666137,88.41880341880342,45.01770359129995,0.9313154831199069,4.84472049689441,15.286624203821656,0.0
