Method,Exact Match Accuracy,First Number Match Accuracy,Exact Precision,Exact Recall,Exact F1-Score,First Number Precision,First Number Recall,First Number F1-Score,No EC number found,No Prediction,EC 1,EC 2,EC 3,EC 4,EC 5,EC 6,EC 7
DIMOND Benchmark,4.79941381205349,5.568785491848324,1.0,0.04799413812053489,0.09159237895472819,1.0,0.055687854918483236,0.10550060732257505,0.028210294925810588,0.9128045429565854,94.73684210526315,97.33333333333334,96.62921348314607,100.0,88.23529411764706,100.0,0.0
