Method,Exact Match Accuracy,First Number Match Accuracy,Exact Precision,Exact Recall,Exact F1-Score,First Number Precision,First Number Recall,First Number F1-Score,No EC number found,No Prediction,EC 1,EC 2,EC 3,EC 4,EC 5,EC 6,EC 7
DIMOND Benchmark,4.79941381205349,5.568785491848324,1.0,0.0479941381205348,0.0915923789547281,1.0,0.0556878549184832,0.105500607322575,0.0282102949258105,0.9128045429565854,94.73684210526316,97.33333333333334,96.62921348314607,100.0,88.23529411764706,100.0,0.0
Physiochemical Features,4.400440044004401,40.5329421831072,1.0,0.044004400440044,0.0842992623814541,1.0,0.405329421831072,0.576846133774028,0.0,0.0,13.195548489666136,88.41880341880342,45.01770359129995,0.9313154831199068,4.84472049689441,15.286624203821656,0.0
Physiochemical + HMM,4.534897934237868,42.87984353990954,1.0,0.0453489793423786,0.0867633302151543,1.0,0.4287984353990954,0.6002224313457096,0.0,0.0,24.16534181240064,84.14529914529915,50.58168942842691,3.143189755529686,5.838509316770186,17.091295116772823,0.0
Physiochemical + HMM + MultiRF,3.52035203520352,42.060872753942064,1.0,0.0352035203520352,0.06801275239107332,1.0,0.42060872753942063,0.5921528136293237,0.0,0.0,20.66772655007949,84.52991452991454,50.12645422357107,1.2805587892898718,4.720496894409938,17.3036093418259,0.0
